date	buyer	seller	item	price	cash_amount	item_amount	world	coordinates
2018/09/23 22:05:04	Reven546	Baskerboss	Firework Rocket#1L	78.125	5000.0	64	world	[33, 83, -22]
2018/09/23 22:05:10	Reven546	Baskerboss	Firework Rocket#1L	78.125	5000.0	64	world	[33, 83, -22]
2018/09/25 22:22:37	Mr_Digs	Baskerboss	Firework Rocket#1L	54.6875	3500.0	64	world	[33, 83, -22]
2018/09/25 22:22:48	Mr_Digs	Baskerboss	Firework Rocket#1L	54.6875	3500.0	64	world	[33, 83, -22]
2018/09/25 22:22:48	Mr_Digs	Baskerboss	Firework Rocket#1L	54.6875	3500.0	64	world	[33, 83, -22]
2018/09/25 22:22:49	Mr_Digs	Baskerboss	Firework Rocket#1L	54.6875	3500.0	64	world	[33, 83, -22]
2018/09/25 22:22:49	Mr_Digs	Baskerboss	Firework Rocket#1L	54.6875	3500.0	64	world	[33, 83, -22]
2018/09/25 22:22:50	Mr_Digs	Baskerboss	Firework Rocket#1L	54.6875	3500.0	64	world	[33, 83, -22]
2018/09/25 22:22:53	Mr_Digs	Baskerboss	Firework Rocket#1L	54.6875	3500.0	64	world	[33, 83, -22]
2018/09/25 22:22:54	Mr_Digs	Baskerboss	Firework Rocket#1L	54.6875	3500.0	64	world	[33, 83, -22]
2018/09/25 22:22:55	Mr_Digs	Baskerboss	Firework Rocket#1L	54.6875	3500.0	64	world	[33, 83, -22]
2018/09/25 22:22:56	Mr_Digs	Baskerboss	Firework Rocket#1L	54.6875	3500.0	64	world	[33, 83, -22]
2018/09/29 15:01:02	PizzaJon	sharonclaws	Firework Rocket#1L	12.5	50.0	4	world	[-3, 129, 16]
2018/09/29 22:17:07	pudzo	sharonclaws	Firework Rocket#1L	50.0	200.0	4	world	[-3, 129, 16]
2018/09/30 06:48:19	Haksndot	sharonclaws	Firework Rocket#1L	50.0	3000.0	60	world	[-3, 129, 16]
2018/09/30 14:59:27	Dragonslair7	sharonclaws	Firework Rocket#1L	50.0	100.0	2	world	[-3, 129, 16]
2018/09/30 16:28:20	frozenhammerz	sharonclaws	Firework Rocket#1L	50.0	3200.0	64	world	[-3, 129, 16]
2018/09/30 18:37:04	frozenhammerz	sharonclaws	Firework Rocket#1L	50.0	3200.0	64	world	[-3, 129, 16]
2018/09/30 18:37:09	frozenhammerz	sharonclaws	Firework Rocket#1L	50.0	3200.0	64	world	[-3, 129, 16]
2018/10/01 19:47:35	frozenhammerz	sharonclaws	Firework Rocket#1L	50.0	3200.0	64	world	[-3, 129, 16]
2018/10/01 19:47:36	frozenhammerz	sharonclaws	Firework Rocket#1L	50.0	3200.0	64	world	[-3, 129, 16]
2018/10/01 19:47:37	frozenhammerz	sharonclaws	Firework Rocket#1L	50.0	3200.0	64	world	[-3, 129, 16]
2018/10/01 19:47:37	frozenhammerz	sharonclaws	Firework Rocket#1L	50.0	2700.0	54	world	[-3, 129, 16]
2018/10/02 08:41:24	Mr_Digs	Baskerboss	Firework Rocket#1L	54.6875	3500.0	64	world	[33, 83, -22]
2018/10/02 08:41:25	Mr_Digs	Baskerboss	Firework Rocket#1L	54.6875	3500.0	64	world	[33, 83, -22]
2018/10/02 08:41:26	Mr_Digs	Baskerboss	Firework Rocket#1L	54.6875	3500.0	64	world	[33, 83, -22]
2018/10/02 08:41:26	Mr_Digs	Baskerboss	Firework Rocket#1L	54.6875	3500.0	64	world	[33, 83, -22]
2018/10/02 19:33:38	LightsChaos	sharonclaws	Firework Rocket#1L	37.5	150.0	4	world	[-3, 129, 16]
2018/10/02 19:33:38	LightsChaos	sharonclaws	Firework Rocket#1L	37.5	150.0	4	world	[-3, 129, 16]
2018/10/02 19:33:39	LightsChaos	sharonclaws	Firework Rocket#1L	37.5	150.0	4	world	[-3, 129, 16]
2018/10/02 19:33:42	LightsChaos	sharonclaws	Firework Rocket#1L	37.5	150.0	4	world	[-3, 129, 16]
2018/10/04 14:36:51	frozenhammerz	sharonclaws	Firework Rocket#1L	37.5	2400.0	64	world	[-3, 129, 16]
2018/10/04 14:36:53	frozenhammerz	sharonclaws	Firework Rocket#1L	37.5	2400.0	64	world	[-3, 129, 16]
2018/10/06 05:30:43	frozenhammerz	Baskerboss	Firework Rocket#1L	15.625	1000.0	64	world	[33, 83, -22]
2018/10/06 05:30:44	frozenhammerz	Baskerboss	Firework Rocket#1L	15.625	1000.0	64	world	[33, 83, -22]
2018/10/06 05:30:45	frozenhammerz	Baskerboss	Firework Rocket#1L	15.625	1000.0	64	world	[33, 83, -22]
2018/10/06 12:49:18	pudzo	sharonclaws	Firework Rocket#1L	37.5	150.0	4	world	[-3, 129, 16]
2018/10/06 12:49:19	pudzo	sharonclaws	Firework Rocket#1L	37.5	150.0	4	world	[-3, 129, 16]
2018/10/06 12:49:20	pudzo	sharonclaws	Firework Rocket#1L	37.5	150.0	4	world	[-3, 129, 16]
2018/10/06 17:26:24	pudzo	sharonclaws	Firework Rocket#1L	37.5	150.0	4	world	[-3, 129, 16]
2018/10/06 17:26:26	pudzo	sharonclaws	Firework Rocket#1L	37.5	150.0	4	world	[-3, 129, 16]
2018/10/06 17:26:27	pudzo	sharonclaws	Firework Rocket#1L	37.5	150.0	4	world	[-3, 129, 16]
2018/10/06 17:26:28	pudzo	sharonclaws	Firework Rocket#1L	37.5	150.0	4	world	[-3, 129, 16]
2018/10/06 17:26:29	pudzo	sharonclaws	Firework Rocket#1L	37.5	150.0	4	world	[-3, 129, 16]
2018/10/06 17:26:29	pudzo	sharonclaws	Firework Rocket#1L	37.5	150.0	4	world	[-3, 129, 16]
2018/10/06 17:26:31	pudzo	sharonclaws	Firework Rocket#1L	37.5	150.0	4	world	[-3, 129, 16]
2018/10/06 17:26:32	pudzo	sharonclaws	Firework Rocket#1L	37.5	150.0	4	world	[-3, 129, 16]
2018/10/06 17:26:32	pudzo	sharonclaws	Firework Rocket#1L	37.5	150.0	4	world	[-3, 129, 16]
2018/10/06 17:26:33	pudzo	sharonclaws	Firework Rocket#1L	37.5	150.0	4	world	[-3, 129, 16]
2018/10/06 17:26:33	pudzo	sharonclaws	Firework Rocket#1L	37.5	150.0	4	world	[-3, 129, 16]
2018/10/06 17:26:34	pudzo	sharonclaws	Firework Rocket#1L	37.5	150.0	4	world	[-3, 129, 16]
2018/10/06 17:26:35	pudzo	sharonclaws	Firework Rocket#1L	37.5	150.0	4	world	[-3, 129, 16]
2018/10/06 17:26:36	pudzo	sharonclaws	Firework Rocket#1L	37.5	150.0	4	world	[-3, 129, 16]
2018/10/08 00:21:44	Shahayhay	sharonclaws	Firework Rocket#1L	37.5	150.0	4	world	[-3, 129, 16]
2018/10/08 16:46:54	pudzo	sharonclaws	Firework Rocket#1L	37.5	2400.0	64	world	[-3, 129, 16]
2018/10/09 20:38:56	Mr_Digs	Baskerboss	Firework Rocket#1L	15.625	1000.0	64	world	[33, 83, -22]
2018/10/09 20:38:57	Mr_Digs	Baskerboss	Firework Rocket#1L	15.625	1000.0	64	world	[33, 83, -22]
2018/10/09 20:38:58	Mr_Digs	Baskerboss	Firework Rocket#1L	15.625	1000.0	64	world	[33, 83, -22]
2018/10/09 20:38:58	Mr_Digs	Baskerboss	Firework Rocket#1L	15.625	1000.0	64	world	[33, 83, -22]
2018/10/09 20:38:59	Mr_Digs	Baskerboss	Firework Rocket#1L	15.625	1000.0	64	world	[33, 83, -22]
2018/10/09 20:39:00	Mr_Digs	Baskerboss	Firework Rocket#1L	15.625	1000.0	64	world	[33, 83, -22]
2018/10/09 20:39:00	Mr_Digs	Baskerboss	Firework Rocket#1L	15.625	1000.0	64	world	[33, 83, -22]
2018/10/09 20:39:04	Mr_Digs	Baskerboss	Firework Rocket#1L	15.625	1000.0	64	world	[33, 83, -22]
2018/10/09 20:39:04	Mr_Digs	Baskerboss	Firework Rocket#1L	15.625	1000.0	64	world	[33, 83, -22]
2018/10/09 20:39:05	Mr_Digs	Baskerboss	Firework Rocket#1L	15.625	1000.0	64	world	[33, 83, -22]
2018/10/09 20:39:06	Mr_Digs	Baskerboss	Firework Rocket#1L	15.625	1000.0	64	world	[33, 83, -22]
2018/10/09 20:39:07	Mr_Digs	Baskerboss	Firework Rocket#1L	15.625	1000.0	64	world	[33, 83, -22]
2018/10/09 20:39:08	Mr_Digs	Baskerboss	Firework Rocket#1L	15.625	1000.0	64	world	[33, 83, -22]
2018/10/09 20:39:08	Mr_Digs	Baskerboss	Firework Rocket#1L	15.625	1000.0	64	world	[33, 83, -22]
2018/10/09 20:39:09	Mr_Digs	Baskerboss	Firework Rocket#1L	15.625	1000.0	64	world	[33, 83, -22]
2018/10/09 20:39:10	Mr_Digs	Baskerboss	Firework Rocket#1L	15.625	1000.0	64	world	[33, 83, -22]
2018/10/09 20:39:11	Mr_Digs	Baskerboss	Firework Rocket#1L	15.626666666666667	46.88	3	world	[33, 83, -22]
2018/10/10 14:59:56	Mr_Digs	Baskerboss	Firework Rocket#1L	15.625	1000.0	64	world	[33, 83, -22]
2018/10/10 14:59:57	Mr_Digs	Baskerboss	Firework Rocket#1L	15.625	1000.0	64	world	[33, 83, -22]
2018/10/10 14:59:58	Mr_Digs	Baskerboss	Firework Rocket#1L	15.625	1000.0	64	world	[33, 83, -22]
2018/10/10 15:04:18	Mr_Digs	sharonclaws	Firework Rocket#1L	37.5	150.0	4	world	[-3, 129, 16]
2018/10/11 12:20:00	3thanat0r	sharonclaws	Firework Rocket#1L	37.5	150.0	4	world	[-3, 129, 16]
2018/10/11 12:20:03	3thanat0r	sharonclaws	Firework Rocket#1L	37.5	150.0	4	world	[-3, 129, 16]
2018/10/11 12:20:04	3thanat0r	sharonclaws	Firework Rocket#1L	37.5	150.0	4	world	[-3, 129, 16]
2018/10/11 12:20:05	3thanat0r	sharonclaws	Firework Rocket#1L	37.5	150.0	4	world	[-3, 129, 16]
2018/10/11 12:20:05	3thanat0r	sharonclaws	Firework Rocket#1L	37.5	150.0	4	world	[-3, 129, 16]
2018/10/11 12:20:06	3thanat0r	sharonclaws	Firework Rocket#1L	37.5	150.0	4	world	[-3, 129, 16]
2018/10/11 12:20:07	3thanat0r	sharonclaws	Firework Rocket#1L	37.5	150.0	4	world	[-3, 129, 16]
2018/10/11 12:20:07	3thanat0r	sharonclaws	Firework Rocket#1L	37.5	150.0	4	world	[-3, 129, 16]
2018/10/12 11:43:21	Vrael1	Baskerboss	Firework Rocket#1L	15.625	1000.0	64	world	[33, 83, -22]
2018/10/14 15:26:21	3thanat0r	sharonclaws	Firework Rocket#1L	15.0	60.0	4	world	[-3, 129, 16]
2018/10/14 15:26:22	3thanat0r	sharonclaws	Firework Rocket#1L	15.0	60.0	4	world	[-3, 129, 16]
2018/10/14 15:26:23	3thanat0r	sharonclaws	Firework Rocket#1L	15.0	60.0	4	world	[-3, 129, 16]
2018/10/14 15:26:24	3thanat0r	sharonclaws	Firework Rocket#1L	15.0	60.0	4	world	[-3, 129, 16]
2018/10/14 15:26:24	3thanat0r	sharonclaws	Firework Rocket#1L	15.0	60.0	4	world	[-3, 129, 16]
2018/10/14 15:26:25	3thanat0r	sharonclaws	Firework Rocket#1L	15.0	60.0	4	world	[-3, 129, 16]
2018/10/14 15:26:26	3thanat0r	sharonclaws	Firework Rocket#1L	15.0	60.0	4	world	[-3, 129, 16]
2018/10/14 15:26:26	3thanat0r	sharonclaws	Firework Rocket#1L	15.0	30.0	2	world	[-3, 129, 16]
2018/10/15 13:48:53	Saphira500	Baskerboss	Firework Rocket#1L	15.625	1000.0	64	world	[33, 83, -22]
2018/10/15 13:48:53	Saphira500	Baskerboss	Firework Rocket#1L	15.625	1000.0	64	world	[33, 83, -22]
2018/10/15 13:48:54	Saphira500	Baskerboss	Firework Rocket#1L	15.625	1000.0	64	world	[33, 83, -22]
2018/10/15 13:48:55	Saphira500	Baskerboss	Firework Rocket#1L	15.625	1000.0	64	world	[33, 83, -22]
2018/10/15 13:48:55	Saphira500	Baskerboss	Firework Rocket#1L	15.625	1000.0	64	world	[33, 83, -22]
2018/10/15 15:23:33	3thanat0r	Baskerboss	Firework Rocket#1L	15.625	1000.0	64	world	[33, 83, -22]
2018/10/15 15:25:58	3thanat0r	Baskerboss	Firework Rocket#1L	15.625	1000.0	64	world	[33, 83, -22]
2018/10/15 15:41:02	3thanat0r	sharonclaws	Firework Rocket#1L	15.0	60.0	4	world	[-3, 129, 16]
2018/10/15 15:41:18	3thanat0r	Baskerboss	Firework Rocket#1L	15.625	1000.0	64	world	[33, 83, -22]
2018/10/15 23:20:26	pudzo	sharonclaws	Firework Rocket#1L	15.0	960.0	64	world	[-3, 129, 16]
2018/10/16 16:07:31	Mr_Digs	Baskerboss	Firework Rocket#1L	15.625	1000.0	64	world	[33, 83, -22]
2018/10/16 16:07:39	Mr_Digs	Baskerboss	Firework Rocket#1L	15.625	1000.0	64	world	[33, 83, -22]
2018/10/16 16:07:39	Mr_Digs	Baskerboss	Firework Rocket#1L	15.625	1000.0	64	world	[33, 83, -22]
2018/10/16 16:07:40	Mr_Digs	Baskerboss	Firework Rocket#1L	15.625	1000.0	64	world	[33, 83, -22]
2018/10/16 16:07:41	Mr_Digs	Baskerboss	Firework Rocket#1L	15.625	1000.0	64	world	[33, 83, -22]
2018/10/17 18:00:54	Stormrunners	sharonclaws	Firework Rocket#1L	15.0	60.0	4	world	[-3, 129, 16]
2018/10/19 09:00:52	Vrael1	Baskerboss	Firework Rocket#1L	15.625	1000.0	64	world	[33, 83, -22]
2018/10/19 09:00:52	Vrael1	Baskerboss	Firework Rocket#1L	15.625	1000.0	64	world	[33, 83, -22]
2018/10/19 09:00:53	Vrael1	Baskerboss	Firework Rocket#1L	15.625	1000.0	64	world	[33, 83, -22]
2018/10/19 15:24:06	Vrael1	Baskerboss	Firework Rocket#1L	15.625	1000.0	64	world	[33, 83, -22]
2018/10/21 10:34:19	Vrael1	Baskerboss	Firework Rocket#1L	15.625	1000.0	64	world	[33, 83, -22]
2019/04/01 20:14:49	Haksndot	sharonclaws	Firework Rocket#1L	12.5	800.0	64	world	[-3, 129, 16]
2019/04/02 12:29:23	magemagemege	sharonclaws	Firework Rocket#1L	10.9375	700.0	64	world	[-14, 59, 17]
2019/04/02 12:29:24	magemagemege	sharonclaws	Firework Rocket#1L	10.9375	700.0	64	world	[-14, 59, 17]
2019/04/02 12:29:24	magemagemege	sharonclaws	Firework Rocket#1L	10.9375	700.0	64	world	[-14, 59, 17]
2019/04/02 17:36:08	frozenhammerz	sharonclaws	Firework Rocket#1L	12.5	800.0	64	world	[-3, 129, 16]
2019/04/03 17:05:47	Haksndot	sharonclaws	Firework Rocket#1L	12.5	800.0	64	world	[-3, 129, 16]
2019/04/03 21:57:40	Haksndot	sharonclaws	Firework Rocket#1L	12.5	800.0	64	world	[-3, 129, 16]
2019/04/04 03:48:20	dandenoth	FatherTime__	Firework Rocket#1L	12.5	800.0	64	world_the_end	[159, 58, -36]
2019/04/04 04:21:44	dandenoth	FatherTime__	Firework Rocket#1L	12.5	800.0	64	world_the_end	[159, 58, -36]
2019/04/04 04:21:44	dandenoth	FatherTime__	Firework Rocket#1L	12.5	800.0	64	world_the_end	[159, 58, -36]
2019/04/04 04:21:45	dandenoth	FatherTime__	Firework Rocket#1L	12.5	800.0	64	world_the_end	[159, 58, -36]
2019/04/04 04:21:46	dandenoth	FatherTime__	Firework Rocket#1L	12.5	800.0	64	world_the_end	[159, 58, -36]
2019/04/04 17:21:18	magemagemege	sharonclaws	Firework Rocket#1L	10.9375	700.0	64	world	[-14, 59, 17]
2019/04/04 17:21:18	magemagemege	sharonclaws	Firework Rocket#1L	10.9375	700.0	64	world	[-14, 59, 17]
2019/04/05 23:31:23	Colonel_Ruff	EnDristON	Firework Rocket#1L	12.0	768.0	64	world	[261, 91, 141]
2019/04/05 23:31:25	Colonel_Ruff	EnDristON	Firework Rocket#1L	12.0	768.0	64	world	[261, 91, 141]
2019/04/07 16:21:12	magemagemege	sharonclaws	Firework Rocket#1L	10.9375	700.0	64	world	[-14, 59, 17]
2019/04/07 16:21:13	magemagemege	sharonclaws	Firework Rocket#1L	10.9375	700.0	64	world	[-14, 59, 17]
2019/04/07 16:21:14	magemagemege	sharonclaws	Firework Rocket#1L	10.9375	700.0	64	world	[-14, 59, 17]
2019/04/07 16:21:15	magemagemege	sharonclaws	Firework Rocket#1L	10.9375	700.0	64	world	[-14, 59, 17]
2019/04/07 18:02:06	Haksndot	sharonclaws	Firework Rocket#1L	12.5	800.0	64	world	[-3, 129, 16]
2019/04/07 19:03:29	Haksndot	sharonclaws	Firework Rocket#1L	12.5	800.0	64	world	[-3, 129, 16]
2019/04/08 04:47:54	dandenoth	EnDristON	Firework Rocket#1L	12.0	120.0	10	world	[261, 91, 141]
2019/04/08 04:48:00	dandenoth	EnDristON	Firework Rocket#1L	12.0	120.0	10	world	[261, 91, 141]
2019/04/08 04:48:00	dandenoth	EnDristON	Firework Rocket#1L	12.0	120.0	10	world	[261, 91, 141]
2019/04/08 04:55:40	dandenoth	sharonclaws	Firework Rocket#1L	12.5	800.0	64	world	[-3, 129, 16]
2019/04/09 02:31:21	dandenoth	FatherTime__	Firework Rocket#1L	12.5	800.0	64	world_the_end	[159, 58, -36]
2019/04/09 02:31:28	dandenoth	FatherTime__	Firework Rocket#1L	12.5	800.0	64	world_the_end	[159, 58, -36]
2019/04/09 02:31:30	dandenoth	FatherTime__	Firework Rocket#1L	12.5	800.0	64	world_the_end	[159, 58, -36]
2019/04/09 20:26:12	Haksndot	sharonclaws	Firework Rocket#1L	12.5	800.0	64	world	[-3, 129, 16]
2019/04/11 20:54:06	daboogaoogaman	sharonclaws	Firework Rocket#1L	10.9375	700.0	64	world	[-14, 59, 17]
2019/04/12 21:59:12	Haksndot	sharonclaws	Firework Rocket#1L	12.5	800.0	64	world	[-3, 129, 16]
2019/04/13 15:30:31	magemagemege	sharonclaws	Firework Rocket#1L	12.5	800.0	64	world	[-3, 129, 16]
2019/04/13 15:30:32	magemagemege	sharonclaws	Firework Rocket#1L	12.5	800.0	64	world	[-3, 129, 16]
2019/04/13 15:30:35	magemagemege	sharonclaws	Firework Rocket#1L	12.5	800.0	64	world	[-3, 129, 16]
2019/04/16 22:44:26	dandenoth	sharonclaws	Firework Rocket#1L	10.9375	700.0	64	world	[-14, 59, 17]
2019/04/17 03:05:46	dandenoth	EnDristON	Firework Rocket#1L	12.0	120.0	10	world	[261, 91, 141]
2019/04/17 03:05:48	dandenoth	EnDristON	Firework Rocket#1L	12.0	120.0	10	world	[261, 91, 141]
2019/04/17 03:05:49	dandenoth	EnDristON	Firework Rocket#1L	12.0	120.0	10	world	[261, 91, 141]
2019/04/17 03:05:49	dandenoth	EnDristON	Firework Rocket#1L	12.0	120.0	10	world	[261, 91, 141]
2019/04/17 03:05:50	dandenoth	EnDristON	Firework Rocket#1L	12.0	120.0	10	world	[261, 91, 141]
2019/04/17 20:25:58	Haksndot	sharonclaws	Firework Rocket#1L	12.5	800.0	64	world	[-3, 129, 16]
2019/04/17 20:41:46	Haksndot	sharonclaws	Firework Rocket#1L	12.5	800.0	64	world	[-3, 129, 16]
2019/04/17 20:41:50	Haksndot	sharonclaws	Firework Rocket#1L	12.5	800.0	64	world	[-3, 129, 16]
2019/04/21 19:24:06	Haksndot	sharonclaws	Firework Rocket#1L	12.5	800.0	64	world	[-3, 129, 16]
2019/04/21 21:11:18	AspenGamgee	sharonclaws	Firework Rocket#1L	10.9375	700.0	64	world	[-14, 59, 17]
2019/04/21 21:11:19	AspenGamgee	sharonclaws	Firework Rocket#1L	10.9375	700.0	64	world	[-14, 59, 17]
2019/04/21 21:11:19	AspenGamgee	sharonclaws	Firework Rocket#1L	10.9375	700.0	64	world	[-14, 59, 17]
2019/04/21 21:11:20	AspenGamgee	sharonclaws	Firework Rocket#1L	10.9375	700.0	64	world	[-14, 59, 17]
2019/04/21 21:11:21	AspenGamgee	sharonclaws	Firework Rocket#1L	10.9375	700.0	64	world	[-14, 59, 17]
2019/04/21 21:11:23	AspenGamgee	sharonclaws	Firework Rocket#1L	10.9375	700.0	64	world	[-14, 59, 17]
2019/04/21 21:11:24	AspenGamgee	sharonclaws	Firework Rocket#1L	10.9375	700.0	64	world	[-14, 59, 17]
2019/04/21 21:11:24	AspenGamgee	sharonclaws	Firework Rocket#1L	10.9375	700.0	64	world	[-14, 59, 17]
2019/04/23 19:44:31	Haksndot	sharonclaws	Firework Rocket#1L	12.5	800.0	64	world	[-3, 129, 16]
2019/04/26 10:07:32	Haksndot	sharonclaws	Firework Rocket#1L	12.5	800.0	64	world	[-3, 129, 16]
2019/04/26 14:17:25	magemagemege	sharonclaws	Firework Rocket#1L	10.9375	700.0	64	world	[-14, 59, 17]
2019/04/26 14:17:26	magemagemege	sharonclaws	Firework Rocket#1L	10.9375	700.0	64	world	[-14, 59, 17]
2019/04/26 14:17:27	magemagemege	sharonclaws	Firework Rocket#1L	10.9375	700.0	64	world	[-14, 59, 17]
2019/04/26 14:17:28	magemagemege	sharonclaws	Firework Rocket#1L	10.9375	700.0	64	world	[-14, 59, 17]
2019/04/26 14:17:29	magemagemege	sharonclaws	Firework Rocket#1L	10.9375	700.0	64	world	[-14, 59, 17]
2019/04/26 14:17:29	magemagemege	sharonclaws	Firework Rocket#1L	10.9375	700.0	64	world	[-14, 59, 17]
2019/04/26 14:17:30	magemagemege	sharonclaws	Firework Rocket#1L	10.9375	700.0	64	world	[-14, 59, 17]
2019/04/26 19:35:49	Haksndot	sharonclaws	Firework Rocket#1L	12.5	800.0	64	world	[-3, 129, 16]
2019/04/26 19:49:49	Aewheros	sharonclaws	Firework Rocket#1L	12.5	800.0	64	world	[-3, 129, 16]
2019/04/26 20:02:53	Shahayhay	sharonclaws	Firework Rocket#1L	12.5	800.0	64	world	[-3, 129, 16]
2019/04/27 15:57:51	magemagemege	sharonclaws	Firework Rocket#1L	10.9375	700.0	64	world	[-14, 59, 17]
2019/04/27 15:57:53	magemagemege	sharonclaws	Firework Rocket#1L	10.9375	700.0	64	world	[-14, 59, 17]
2019/04/27 15:57:53	magemagemege	sharonclaws	Firework Rocket#1L	10.9375	700.0	64	world	[-14, 59, 17]
2019/04/27 15:57:54	magemagemege	sharonclaws	Firework Rocket#1L	10.9375	700.0	64	world	[-14, 59, 17]
2019/04/27 15:57:54	magemagemege	sharonclaws	Firework Rocket#1L	10.9375	700.0	64	world	[-14, 59, 17]
2019/04/27 15:57:55	magemagemege	sharonclaws	Firework Rocket#1L	10.9375	700.0	64	world	[-14, 59, 17]
2019/04/27 15:57:55	magemagemege	sharonclaws	Firework Rocket#1L	10.9375	700.0	64	world	[-14, 59, 17]
2019/04/27 18:18:44	magemagemege	sharonclaws	Firework Rocket#1L	10.9375	700.0	64	world	[-14, 59, 17]
2019/04/27 18:18:44	magemagemege	sharonclaws	Firework Rocket#1L	10.9375	700.0	64	world	[-14, 59, 17]
2019/04/27 18:18:45	magemagemege	sharonclaws	Firework Rocket#1L	10.9375	700.0	64	world	[-14, 59, 17]
2019/04/27 18:18:45	magemagemege	sharonclaws	Firework Rocket#1L	10.937666666666667	328.13	30	world	[-14, 59, 17]
2019/04/28 13:39:24	Colonel_Ruff	EnDristON	Firework Rocket#1L	12.0	768.0	64	world	[261, 91, 141]
2019/04/28 13:39:24	Colonel_Ruff	EnDristON	Firework Rocket#1L	12.0	768.0	64	world	[261, 91, 141]
2019/04/30 01:20:20	Haksndot	sharonclaws	Firework Rocket#1L	12.5	800.0	64	world	[-3, 129, 16]
2019/04/30 01:38:39	dandenoth	sharonclaws	Firework Rocket#1L	12.5	800.0	64	world	[-3, 129, 16]
2019/05/01 18:58:06	frozenhammerz	sharonclaws	Firework Rocket#1L	12.5	800.0	64	world	[-3, 129, 16]
2019/05/01 18:58:07	frozenhammerz	sharonclaws	Firework Rocket#1L	12.5	800.0	64	world	[-3, 129, 16]
2019/05/01 18:58:09	frozenhammerz	sharonclaws	Firework Rocket#1L	12.5	800.0	64	world	[-3, 129, 16]
2019/05/01 21:37:08	__Wildfire_	sharonclaws	Firework Rocket#1L	12.5	800.0	64	world	[-3, 129, 16]
2019/05/02 18:08:06	magemagemege	sharonclaws	Firework Rocket#1L	10.9375	700.0	64	world	[-14, 59, 17]
2019/05/02 18:08:07	magemagemege	sharonclaws	Firework Rocket#1L	10.9375	700.0	64	world	[-14, 59, 17]
2019/05/02 18:08:08	magemagemege	sharonclaws	Firework Rocket#1L	10.9375	700.0	64	world	[-14, 59, 17]
2019/05/02 18:08:09	magemagemege	sharonclaws	Firework Rocket#1L	10.9375	700.0	64	world	[-14, 59, 17]
2019/05/02 18:08:11	magemagemege	sharonclaws	Firework Rocket#1L	10.9375	700.0	64	world	[-14, 59, 17]
2019/05/02 18:08:11	magemagemege	sharonclaws	Firework Rocket#1L	10.9375	700.0	64	world	[-14, 59, 17]
2019/05/03 13:47:34	magemagemege	sharonclaws	Firework Rocket#1L	10.9375	700.0	64	world	[-14, 59, 17]
2019/05/03 13:47:35	magemagemege	sharonclaws	Firework Rocket#1L	10.9375	700.0	64	world	[-14, 59, 17]
2019/05/03 13:47:36	magemagemege	sharonclaws	Firework Rocket#1L	10.9375	700.0	64	world	[-14, 59, 17]
2019/05/03 13:47:36	magemagemege	sharonclaws	Firework Rocket#1L	10.9375	700.0	64	world	[-14, 59, 17]
2019/05/03 13:47:37	magemagemege	sharonclaws	Firework Rocket#1L	10.9375	700.0	64	world	[-14, 59, 17]
2019/05/03 13:47:37	magemagemege	sharonclaws	Firework Rocket#1L	10.9375	700.0	64	world	[-14, 59, 17]
2019/05/03 13:47:38	magemagemege	sharonclaws	Firework Rocket#1L	10.9375	700.0	64	world	[-14, 59, 17]
2019/05/03 13:47:39	magemagemege	sharonclaws	Firework Rocket#1L	10.9375	700.0	64	world	[-14, 59, 17]
2019/05/03 13:47:39	magemagemege	sharonclaws	Firework Rocket#1L	10.9375	700.0	64	world	[-14, 59, 17]
2019/05/03 13:47:40	magemagemege	sharonclaws	Firework Rocket#1L	10.9375	700.0	64	world	[-14, 59, 17]
2019/05/03 23:11:59	Haksndot	sharonclaws	Firework Rocket#1L	12.5	800.0	64	world	[-3, 129, 16]
2019/05/04 08:28:40	magemagemege	sharonclaws	Firework Rocket#1L	12.5	800.0	64	world	[-3, 129, 16]
2019/05/04 08:28:41	magemagemege	sharonclaws	Firework Rocket#1L	12.5	800.0	64	world	[-3, 129, 16]
2019/05/04 08:28:42	magemagemege	sharonclaws	Firework Rocket#1L	12.5	800.0	64	world	[-3, 129, 16]
2019/05/04 08:28:42	magemagemege	sharonclaws	Firework Rocket#1L	12.5	800.0	64	world	[-3, 129, 16]
2019/05/04 08:28:43	magemagemege	sharonclaws	Firework Rocket#1L	12.5	800.0	64	world	[-3, 129, 16]
2019/05/04 08:28:43	magemagemege	sharonclaws	Firework Rocket#1L	12.5	800.0	64	world	[-3, 129, 16]
2019/05/04 08:28:44	magemagemege	sharonclaws	Firework Rocket#1L	12.5	800.0	64	world	[-3, 129, 16]
2019/05/04 19:28:22	daboogaoogaman	sharonclaws	Firework Rocket#1L	10.9375	700.0	64	world	[-14, 59, 17]
2019/05/04 19:28:23	daboogaoogaman	sharonclaws	Firework Rocket#1L	10.9375	700.0	64	world	[-14, 59, 17]
2019/05/04 22:08:18	Haksndot	sharonclaws	Firework Rocket#1L	12.5	800.0	64	world	[-3, 129, 16]
2019/05/04 23:02:12	Haksndot	sharonclaws	Firework Rocket#1L	12.5	800.0	64	world	[-3, 129, 16]
2019/05/05 06:49:52	__Wildfire_	sharonclaws	Firework Rocket#1L	12.5	800.0	64	world	[-3, 129, 16]
2019/05/05 14:25:37	daboogaoogaman	sharonclaws	Firework Rocket#1L	10.9375	700.0	64	world	[-14, 59, 17]
2019/05/05 14:25:39	daboogaoogaman	sharonclaws	Firework Rocket#1L	10.9375	700.0	64	world	[-14, 59, 17]
2019/05/05 14:25:41	daboogaoogaman	sharonclaws	Firework Rocket#1L	10.9375	700.0	64	world	[-14, 59, 17]
2019/05/05 14:46:57	daboogaoogaman	EnDristON	Firework Rocket#1L	12.0	768.0	64	world	[261, 91, 141]
2019/05/06 19:27:29	Haksndot	sharonclaws	Firework Rocket#1L	12.5	800.0	64	world	[-3, 129, 16]
2019/05/08 19:58:27	daboogaoogaman	sharonclaws	Firework Rocket#1L	10.9375	700.0	64	world	[-14, 59, 17]
2019/05/08 20:07:08	daboogaoogaman	sharonclaws	Firework Rocket#1L	10.9375	700.0	64	world	[-14, 59, 17]
2019/05/08 20:07:09	daboogaoogaman	sharonclaws	Firework Rocket#1L	10.9375	700.0	64	world	[-14, 59, 17]
2019/05/08 20:07:10	daboogaoogaman	sharonclaws	Firework Rocket#1L	10.9375	700.0	64	world	[-14, 59, 17]
2019/05/09 15:16:00	magemagemege	sharonclaws	Firework Rocket#1L	10.9375	700.0	64	world	[-14, 59, 17]
2019/05/09 15:16:01	magemagemege	sharonclaws	Firework Rocket#1L	10.9375	700.0	64	world	[-14, 59, 17]
2019/05/09 15:16:01	magemagemege	sharonclaws	Firework Rocket#1L	10.9375	700.0	64	world	[-14, 59, 17]
2019/05/09 15:16:02	magemagemege	sharonclaws	Firework Rocket#1L	10.9375	700.0	64	world	[-14, 59, 17]
2019/05/09 15:16:02	magemagemege	sharonclaws	Firework Rocket#1L	10.9375	700.0	64	world	[-14, 59, 17]
2019/05/09 15:16:03	magemagemege	sharonclaws	Firework Rocket#1L	10.9375	700.0	64	world	[-14, 59, 17]
2019/05/09 15:16:04	magemagemege	sharonclaws	Firework Rocket#1L	10.9375	700.0	64	world	[-14, 59, 17]
2019/05/09 15:16:04	magemagemege	sharonclaws	Firework Rocket#1L	10.9375	700.0	64	world	[-14, 59, 17]
2019/05/09 15:16:05	magemagemege	sharonclaws	Firework Rocket#1L	10.9375	700.0	64	world	[-14, 59, 17]
2019/05/09 15:16:05	magemagemege	sharonclaws	Firework Rocket#1L	10.9375	700.0	64	world	[-14, 59, 17]
2019/05/09 15:16:06	magemagemege	sharonclaws	Firework Rocket#1L	10.9375	700.0	64	world	[-14, 59, 17]
2019/05/09 15:16:07	magemagemege	sharonclaws	Firework Rocket#1L	10.9375	700.0	64	world	[-14, 59, 17]
2019/05/09 15:16:07	magemagemege	sharonclaws	Firework Rocket#1L	10.9375	700.0	64	world	[-14, 59, 17]
2019/05/09 21:21:58	daboogaoogaman	sharonclaws	Firework Rocket#1L	10.9375	700.0	64	world	[-14, 59, 17]
2019/05/09 21:21:59	daboogaoogaman	sharonclaws	Firework Rocket#1L	10.9375	700.0	64	world	[-14, 59, 17]
2019/05/09 21:22:00	daboogaoogaman	sharonclaws	Firework Rocket#1L	10.9375	700.0	64	world	[-14, 59, 17]
2019/05/09 22:59:26	Haksndot	sharonclaws	Firework Rocket#1L	12.5	800.0	64	world	[-3, 129, 16]
2019/05/10 05:40:35	Haksndot	sharonclaws	Firework Rocket#1L	12.5	800.0	64	world	[-3, 129, 16]
2019/05/10 19:31:58	daboogaoogaman	sharonclaws	Firework Rocket#1L	10.9375	700.0	64	world	[-14, 59, 17]
2019/05/10 19:31:59	daboogaoogaman	sharonclaws	Firework Rocket#1L	10.9375	700.0	64	world	[-14, 59, 17]
2019/05/10 19:32:00	daboogaoogaman	sharonclaws	Firework Rocket#1L	10.9375	700.0	64	world	[-14, 59, 17]
2019/05/10 19:32:00	daboogaoogaman	sharonclaws	Firework Rocket#1L	10.9375	700.0	64	world	[-14, 59, 17]
2019/05/10 20:45:52	daboogaoogaman	EnDristON	Firework Rocket#1L	12.0	768.0	64	world	[261, 91, 141]
2019/05/10 20:45:54	daboogaoogaman	EnDristON	Firework Rocket#1L	12.0	120.0	10	world	[261, 91, 141]
2019/05/11 11:15:23	daboogaoogaman	sharonclaws	Firework Rocket#1L	10.9375	700.0	64	world	[-14, 59, 17]
2019/05/11 11:15:25	daboogaoogaman	sharonclaws	Firework Rocket#1L	10.9375	700.0	64	world	[-14, 59, 17]
2019/05/11 11:15:26	daboogaoogaman	sharonclaws	Firework Rocket#1L	10.9375	700.0	64	world	[-14, 59, 17]
2019/05/11 13:08:12	daboogaoogaman	sharonclaws	Firework Rocket#1L	10.9375	700.0	64	world	[-14, 59, 17]
2019/05/11 13:08:13	daboogaoogaman	sharonclaws	Firework Rocket#1L	10.9375	700.0	64	world	[-14, 59, 17]
2019/05/11 13:08:14	daboogaoogaman	sharonclaws	Firework Rocket#1L	10.9375	700.0	64	world	[-14, 59, 17]
2019/05/11 13:08:15	daboogaoogaman	sharonclaws	Firework Rocket#1L	10.9375	700.0	64	world	[-14, 59, 17]
2019/05/11 13:08:16	daboogaoogaman	sharonclaws	Firework Rocket#1L	10.9375	700.0	64	world	[-14, 59, 17]
2019/05/11 16:51:42	daboogaoogaman	sharonclaws	Firework Rocket#1L	10.9375	700.0	64	world	[-14, 59, 17]
2019/05/11 16:51:43	daboogaoogaman	sharonclaws	Firework Rocket#1L	10.9375	700.0	64	world	[-14, 59, 17]
2019/05/11 16:51:44	daboogaoogaman	sharonclaws	Firework Rocket#1L	10.9375	700.0	64	world	[-14, 59, 17]
2019/05/11 22:38:22	Haksndot	sharonclaws	Firework Rocket#1L	12.5	800.0	64	world	[-3, 129, 16]
2019/05/12 00:28:25	daboogaoogaman	sharonclaws	Firework Rocket#1L	10.9375	700.0	64	world	[-14, 59, 17]
2019/05/12 00:28:27	daboogaoogaman	sharonclaws	Firework Rocket#1L	10.9375	700.0	64	world	[-14, 59, 17]
2019/05/12 00:28:28	daboogaoogaman	sharonclaws	Firework Rocket#1L	10.9375	700.0	64	world	[-14, 59, 17]
2019/05/12 00:28:28	daboogaoogaman	sharonclaws	Firework Rocket#1L	10.9375	700.0	64	world	[-14, 59, 17]
2019/05/12 00:28:31	daboogaoogaman	sharonclaws	Firework Rocket#1L	10.9375	700.0	64	world	[-14, 59, 17]
2019/05/12 19:58:04	__Wildfire_	sharonclaws	Firework Rocket#1L	12.5	800.0	64	world	[-3, 129, 16]
2019/05/12 19:58:05	__Wildfire_	sharonclaws	Firework Rocket#1L	12.5	800.0	64	world	[-3, 129, 16]
2019/05/12 19:58:06	__Wildfire_	sharonclaws	Firework Rocket#1L	12.5	800.0	64	world	[-3, 129, 16]
2019/05/12 19:58:07	__Wildfire_	sharonclaws	Firework Rocket#1L	12.5	800.0	64	world	[-3, 129, 16]
2019/05/12 19:58:07	__Wildfire_	sharonclaws	Firework Rocket#1L	12.5	800.0	64	world	[-3, 129, 16]
2019/05/12 23:20:43	__Wildfire_	sharonclaws	Firework Rocket#1L	12.5	800.0	64	world	[-3, 129, 16]
2019/05/13 18:41:31	BloodSugarLQ	sharonclaws	Firework Rocket#1L	12.5	800.0	64	world	[-3, 129, 16]
2019/05/14 06:30:32	Haksndot	sharonclaws	Firework Rocket#1L	12.5	800.0	64	world	[-3, 129, 16]
2019/05/14 21:28:18	Haksndot	sharonclaws	Firework Rocket#1L	12.5	800.0	64	world	[-3, 129, 16]
2019/05/14 21:53:23	Haksndot	sharonclaws	Firework Rocket#1L	12.5	800.0	64	world	[-3, 129, 16]
2019/05/14 22:48:13	Haksndot	sharonclaws	Firework Rocket#1L	12.5	800.0	64	world	[-3, 129, 16]
2019/05/14 22:59:00	Haksndot	sharonclaws	Firework Rocket#1L	12.5	800.0	64	world	[-3, 129, 16]
2019/05/15 20:56:59	Haksndot	sharonclaws	Firework Rocket#1L	12.5	800.0	64	world	[-3, 129, 16]
2019/05/15 22:53:59	daboogaoogaman	sharonclaws	Firework Rocket#1L	10.9375	700.0	64	world	[-14, 59, 17]
2019/05/15 22:54:00	daboogaoogaman	sharonclaws	Firework Rocket#1L	10.9375	700.0	64	world	[-14, 59, 17]
2019/05/15 22:54:01	daboogaoogaman	sharonclaws	Firework Rocket#1L	10.9375	700.0	64	world	[-14, 59, 17]
2019/05/15 22:54:01	daboogaoogaman	sharonclaws	Firework Rocket#1L	10.9375	700.0	64	world	[-14, 59, 17]
2019/05/15 22:54:02	daboogaoogaman	sharonclaws	Firework Rocket#1L	10.9375	700.0	64	world	[-14, 59, 17]
2019/05/15 22:54:02	daboogaoogaman	sharonclaws	Firework Rocket#1L	10.9375	700.0	64	world	[-14, 59, 17]
2019/05/15 22:54:03	daboogaoogaman	sharonclaws	Firework Rocket#1L	10.9375	700.0	64	world	[-14, 59, 17]
2019/05/15 22:54:04	daboogaoogaman	sharonclaws	Firework Rocket#1L	10.9375	700.0	64	world	[-14, 59, 17]
2019/05/15 22:54:04	daboogaoogaman	sharonclaws	Firework Rocket#1L	10.9375	700.0	64	world	[-14, 59, 17]
2019/05/15 22:54:05	daboogaoogaman	sharonclaws	Firework Rocket#1L	10.9375	700.0	64	world	[-14, 59, 17]
2019/05/15 22:54:05	daboogaoogaman	sharonclaws	Firework Rocket#1L	10.9375	700.0	64	world	[-14, 59, 17]
2019/05/15 22:54:06	daboogaoogaman	sharonclaws	Firework Rocket#1L	10.9375	700.0	64	world	[-14, 59, 17]
2019/05/15 22:54:08	daboogaoogaman	sharonclaws	Firework Rocket#1L	10.9375	700.0	64	world	[-14, 59, 17]
2019/05/15 22:54:08	daboogaoogaman	sharonclaws	Firework Rocket#1L	10.9375	700.0	64	world	[-14, 59, 17]
2019/05/17 13:31:50	frozenhammerz	sharonclaws	Firework Rocket#1L	12.5	12.5	1	world	[-3, 129, 16]
2019/05/17 13:32:37	K9us	sharonclaws	Firework Rocket#1L	10.9375	700.0	64	world	[-14, 59, 17]
2019/05/17 13:32:38	K9us	sharonclaws	Firework Rocket#1L	10.9375	700.0	64	world	[-14, 59, 17]
2019/05/17 17:32:05	daboogaoogaman	sharonclaws	Firework Rocket#1L	10.9375	700.0	64	world	[-14, 59, 17]
2019/05/17 17:51:28	daboogaoogaman	sharonclaws	Firework Rocket#1L	10.9375	700.0	64	world	[-14, 59, 17]
2019/05/17 17:51:29	daboogaoogaman	sharonclaws	Firework Rocket#1L	10.9375	700.0	64	world	[-14, 59, 17]
2019/05/17 17:51:30	daboogaoogaman	sharonclaws	Firework Rocket#1L	10.9375	700.0	64	world	[-14, 59, 17]
2019/05/17 17:51:30	daboogaoogaman	sharonclaws	Firework Rocket#1L	10.9375	700.0	64	world	[-14, 59, 17]
2019/05/17 18:28:57	daboogaoogaman	sharonclaws	Firework Rocket#1L	10.9375	700.0	64	world	[-14, 59, 17]
2019/05/17 18:28:57	daboogaoogaman	sharonclaws	Firework Rocket#1L	10.9375	700.0	64	world	[-14, 59, 17]
2019/05/17 18:28:58	daboogaoogaman	sharonclaws	Firework Rocket#1L	10.9375	700.0	64	world	[-14, 59, 17]
2019/05/17 18:28:58	daboogaoogaman	sharonclaws	Firework Rocket#1L	10.9375	700.0	64	world	[-14, 59, 17]
2019/05/17 18:28:59	daboogaoogaman	sharonclaws	Firework Rocket#1L	10.9375	700.0	64	world	[-14, 59, 17]
2019/05/17 18:29:01	daboogaoogaman	sharonclaws	Firework Rocket#1L	10.9375	700.0	64	world	[-14, 59, 17]
2019/05/17 18:29:02	daboogaoogaman	sharonclaws	Firework Rocket#1L	10.9375	700.0	64	world	[-14, 59, 17]
2019/05/17 18:29:02	daboogaoogaman	sharonclaws	Firework Rocket#1L	10.9375	700.0	64	world	[-14, 59, 17]
2019/05/17 18:29:03	daboogaoogaman	sharonclaws	Firework Rocket#1L	10.9375	700.0	64	world	[-14, 59, 17]
2019/05/17 18:29:03	daboogaoogaman	sharonclaws	Firework Rocket#1L	10.937555555555555	492.19	45	world	[-14, 59, 17]
2019/05/17 22:37:39	daboogaoogaman	EnDristON	Firework Rocket#1L	12.0	768.0	64	world	[261, 91, 141]
2019/05/17 22:37:40	daboogaoogaman	EnDristON	Firework Rocket#1L	12.0	768.0	64	world	[261, 91, 141]
2019/05/17 22:37:41	daboogaoogaman	EnDristON	Firework Rocket#1L	12.0	768.0	64	world	[261, 91, 141]
2019/05/17 22:37:41	daboogaoogaman	EnDristON	Firework Rocket#1L	12.0	768.0	64	world	[261, 91, 141]
2019/05/17 22:37:44	daboogaoogaman	EnDristON	Firework Rocket#1L	12.0	768.0	64	world	[261, 91, 141]
2019/05/17 22:37:44	daboogaoogaman	EnDristON	Firework Rocket#1L	12.0	768.0	64	world	[261, 91, 141]
2019/05/17 22:37:45	daboogaoogaman	EnDristON	Firework Rocket#1L	12.0	768.0	64	world	[261, 91, 141]
2019/05/17 22:37:46	daboogaoogaman	EnDristON	Firework Rocket#1L	12.0	768.0	64	world	[261, 91, 141]
2019/05/17 22:37:48	daboogaoogaman	EnDristON	Firework Rocket#1L	12.0	768.0	64	world	[261, 91, 141]
2019/05/17 22:37:48	daboogaoogaman	EnDristON	Firework Rocket#1L	12.0	768.0	64	world	[261, 91, 141]
2019/05/17 22:37:49	daboogaoogaman	EnDristON	Firework Rocket#1L	12.0	768.0	64	world	[261, 91, 141]
2019/05/17 22:37:50	daboogaoogaman	EnDristON	Firework Rocket#1L	12.0	768.0	64	world	[261, 91, 141]
2019/05/17 22:37:50	daboogaoogaman	EnDristON	Firework Rocket#1L	12.0	768.0	64	world	[261, 91, 141]
2019/05/20 22:59:12	daboogaoogaman	EnDristON	Firework Rocket#1L	12.0	768.0	64	world	[261, 91, 141]
2019/05/20 22:59:13	daboogaoogaman	EnDristON	Firework Rocket#1L	12.0	768.0	64	world	[261, 91, 141]
2019/05/20 22:59:14	daboogaoogaman	EnDristON	Firework Rocket#1L	12.0	768.0	64	world	[261, 91, 141]
2019/05/20 22:59:14	daboogaoogaman	EnDristON	Firework Rocket#1L	12.0	768.0	64	world	[261, 91, 141]
2019/05/20 22:59:15	daboogaoogaman	EnDristON	Firework Rocket#1L	12.0	768.0	64	world	[261, 91, 141]
2019/05/20 22:59:16	daboogaoogaman	EnDristON	Firework Rocket#1L	12.0	768.0	64	world	[261, 91, 141]
2019/05/20 22:59:16	daboogaoogaman	EnDristON	Firework Rocket#1L	12.0	768.0	64	world	[261, 91, 141]
2019/05/20 22:59:17	daboogaoogaman	EnDristON	Firework Rocket#1L	12.0	768.0	64	world	[261, 91, 141]
2019/05/21 21:13:54	daboogaoogaman	EnDristON	Firework Rocket#1L	12.0	120.0	10	world	[261, 91, 141]
2019/05/21 21:13:55	daboogaoogaman	EnDristON	Firework Rocket#1L	12.0	120.0	10	world	[261, 91, 141]
2019/05/21 21:13:56	daboogaoogaman	EnDristON	Firework Rocket#1L	12.0	120.0	10	world	[261, 91, 141]
2019/05/21 21:14:01	daboogaoogaman	EnDristON	Firework Rocket#1L	12.0	120.0	10	world	[261, 91, 141]
2019/05/21 21:14:03	daboogaoogaman	EnDristON	Firework Rocket#1L	12.0	120.0	10	world	[261, 91, 141]
2019/05/21 21:14:04	daboogaoogaman	EnDristON	Firework Rocket#1L	12.0	120.0	10	world	[261, 91, 141]
2019/05/21 21:14:04	daboogaoogaman	EnDristON	Firework Rocket#1L	12.0	120.0	10	world	[261, 91, 141]
2019/05/21 21:14:05	daboogaoogaman	EnDristON	Firework Rocket#1L	12.0	120.0	10	world	[261, 91, 141]
2019/05/21 21:14:06	daboogaoogaman	EnDristON	Firework Rocket#1L	12.0	120.0	10	world	[261, 91, 141]
2019/05/21 21:14:07	daboogaoogaman	EnDristON	Firework Rocket#1L	12.0	120.0	10	world	[261, 91, 141]
2019/05/21 21:14:08	daboogaoogaman	EnDristON	Firework Rocket#1L	12.0	120.0	10	world	[261, 91, 141]
2019/05/21 21:14:08	daboogaoogaman	EnDristON	Firework Rocket#1L	12.0	120.0	10	world	[261, 91, 141]
2019/05/21 21:14:09	daboogaoogaman	EnDristON	Firework Rocket#1L	12.0	120.0	10	world	[261, 91, 141]
2019/05/21 21:14:10	daboogaoogaman	EnDristON	Firework Rocket#1L	12.0	120.0	10	world	[261, 91, 141]
2019/05/21 21:14:11	daboogaoogaman	EnDristON	Firework Rocket#1L	12.0	120.0	10	world	[261, 91, 141]
2019/05/21 21:14:12	daboogaoogaman	EnDristON	Firework Rocket#1L	12.0	120.0	10	world	[261, 91, 141]
2019/05/23 20:44:28	daboogaoogaman	EnDristON	Firework Rocket#1L	12.0	768.0	64	world	[261, 91, 141]
2019/05/23 20:44:29	daboogaoogaman	EnDristON	Firework Rocket#1L	12.0	768.0	64	world	[261, 91, 141]
2019/05/23 20:44:30	daboogaoogaman	EnDristON	Firework Rocket#1L	12.0	768.0	64	world	[261, 91, 141]
2019/05/23 20:44:32	daboogaoogaman	EnDristON	Firework Rocket#1L	12.0	768.0	64	world	[261, 91, 141]
2019/05/23 20:44:32	daboogaoogaman	EnDristON	Firework Rocket#1L	12.0	768.0	64	world	[261, 91, 141]
2019/05/23 20:44:35	daboogaoogaman	EnDristON	Firework Rocket#1L	12.0	768.0	64	world	[261, 91, 141]
2019/05/23 20:44:36	daboogaoogaman	EnDristON	Firework Rocket#1L	12.0	768.0	64	world	[261, 91, 141]
2019/05/23 20:44:39	daboogaoogaman	EnDristON	Firework Rocket#1L	12.0	768.0	64	world	[261, 91, 141]
2019/05/24 00:55:10	freakdown	sharonclaws	Firework Rocket#1L	12.5	800.0	64	world	[-3, 129, 16]
2019/05/25 14:03:03	daboogaoogaman	sharonclaws	Firework Rocket#1L	10.9375	700.0	64	world	[-14, 59, 17]
2019/05/25 14:03:04	daboogaoogaman	sharonclaws	Firework Rocket#1L	10.9375	700.0	64	world	[-14, 59, 17]
2019/05/25 14:03:05	daboogaoogaman	sharonclaws	Firework Rocket#1L	10.9375	700.0	64	world	[-14, 59, 17]
2019/05/25 14:03:05	daboogaoogaman	sharonclaws	Firework Rocket#1L	10.9375	700.0	64	world	[-14, 59, 17]
2019/05/25 18:08:33	daboogaoogaman	sharonclaws	Firework Rocket#1L	10.9375	700.0	64	world	[-14, 59, 17]
2019/05/25 18:08:34	daboogaoogaman	sharonclaws	Firework Rocket#1L	10.9375	700.0	64	world	[-14, 59, 17]
2019/05/25 18:08:35	daboogaoogaman	sharonclaws	Firework Rocket#1L	10.9375	700.0	64	world	[-14, 59, 17]
2019/05/25 18:08:36	daboogaoogaman	sharonclaws	Firework Rocket#1L	10.9375	700.0	64	world	[-14, 59, 17]
2019/05/25 18:08:37	daboogaoogaman	sharonclaws	Firework Rocket#1L	10.937575757575758	360.94	33	world	[-14, 59, 17]
2019/05/25 18:09:57	daboogaoogaman	EnDristON	Firework Rocket#1L	12.0	120.0	10	world	[261, 91, 141]
2019/05/25 18:09:59	daboogaoogaman	EnDristON	Firework Rocket#1L	12.0	768.0	64	world	[261, 91, 141]
2019/05/25 18:10:00	daboogaoogaman	EnDristON	Firework Rocket#1L	12.0	768.0	64	world	[261, 91, 141]
2019/05/25 18:10:00	daboogaoogaman	EnDristON	Firework Rocket#1L	12.0	768.0	64	world	[261, 91, 141]
2019/05/25 18:10:01	daboogaoogaman	EnDristON	Firework Rocket#1L	12.0	768.0	64	world	[261, 91, 141]
2019/05/25 18:10:02	daboogaoogaman	EnDristON	Firework Rocket#1L	12.0	768.0	64	world	[261, 91, 141]
2019/05/25 18:10:05	daboogaoogaman	EnDristON	Firework Rocket#1L	12.0	768.0	64	world	[261, 91, 141]
2019/05/25 18:10:05	daboogaoogaman	EnDristON	Firework Rocket#1L	12.0	768.0	64	world	[261, 91, 141]
2019/05/25 18:10:06	daboogaoogaman	EnDristON	Firework Rocket#1L	12.0	768.0	64	world	[261, 91, 141]
2019/05/25 18:10:06	daboogaoogaman	EnDristON	Firework Rocket#1L	12.0	768.0	64	world	[261, 91, 141]
2019/05/25 18:10:07	daboogaoogaman	EnDristON	Firework Rocket#1L	12.0	768.0	64	world	[261, 91, 141]
2019/05/26 03:52:00	daboogaoogaman	EnDristON	Firework Rocket#1L	12.0	768.0	64	world	[-334, 91, -489]
2019/05/26 17:12:47	daboogaoogaman	EnDristON	Firework Rocket#1L	12.0	768.0	64	world	[261, 91, 141]
2019/05/26 17:12:47	daboogaoogaman	EnDristON	Firework Rocket#1L	12.0	768.0	64	world	[261, 91, 141]
2019/05/26 17:12:48	daboogaoogaman	EnDristON	Firework Rocket#1L	12.0	768.0	64	world	[261, 91, 141]
2019/05/26 17:12:50	daboogaoogaman	EnDristON	Firework Rocket#1L	12.0	120.0	10	world	[261, 91, 141]
2019/05/26 17:12:51	daboogaoogaman	EnDristON	Firework Rocket#1L	12.0	120.0	10	world	[261, 91, 141]
2019/05/26 17:12:52	daboogaoogaman	EnDristON	Firework Rocket#1L	12.0	768.0	64	world	[261, 91, 141]
2019/05/26 17:12:53	daboogaoogaman	EnDristON	Firework Rocket#1L	12.0	768.0	64	world	[261, 91, 141]
2019/05/26 17:12:54	daboogaoogaman	EnDristON	Firework Rocket#1L	12.0	768.0	64	world	[261, 91, 141]
2019/05/26 17:12:55	daboogaoogaman	EnDristON	Firework Rocket#1L	12.0	768.0	64	world	[261, 91, 141]
2019/05/26 17:12:56	daboogaoogaman	EnDristON	Firework Rocket#1L	12.0	768.0	64	world	[261, 91, 141]
2019/05/26 17:12:56	daboogaoogaman	EnDristON	Firework Rocket#1L	12.0	768.0	64	world	[261, 91, 141]
2019/05/26 17:12:57	daboogaoogaman	EnDristON	Firework Rocket#1L	12.0	768.0	64	world	[261, 91, 141]
2019/05/26 17:12:57	daboogaoogaman	EnDristON	Firework Rocket#1L	12.0	768.0	64	world	[261, 91, 141]
2019/05/27 17:39:46	daboogaoogaman	EnDristON	Firework Rocket#1L	12.0	768.0	64	world	[261, 91, 141]
2019/05/27 17:39:47	daboogaoogaman	EnDristON	Firework Rocket#1L	12.0	768.0	64	world	[261, 91, 141]
2019/05/27 17:39:48	daboogaoogaman	EnDristON	Firework Rocket#1L	12.0	768.0	64	world	[261, 91, 141]
2019/05/27 17:39:49	daboogaoogaman	EnDristON	Firework Rocket#1L	12.0	768.0	64	world	[261, 91, 141]
2019/05/27 17:39:50	daboogaoogaman	EnDristON	Firework Rocket#1L	12.0	768.0	64	world	[261, 91, 141]
2019/05/27 17:39:50	daboogaoogaman	EnDristON	Firework Rocket#1L	12.0	768.0	64	world	[261, 91, 141]
2019/05/27 17:39:52	daboogaoogaman	EnDristON	Firework Rocket#1L	12.0	408.0	34	world	[261, 91, 141]
2019/05/27 21:24:27	__Wildfire_	sharonclaws	Firework Rocket#1L	12.5	800.0	64	world	[-3, 129, 16]
2019/05/27 21:24:30	__Wildfire_	sharonclaws	Firework Rocket#1L	12.5	800.0	64	world	[-3, 129, 16]
2019/05/27 21:24:31	__Wildfire_	sharonclaws	Firework Rocket#1L	12.5	800.0	64	world	[-3, 129, 16]
2019/05/27 21:24:31	__Wildfire_	sharonclaws	Firework Rocket#1L	12.5	787.5	63	world	[-3, 129, 16]
2019/05/28 16:42:52	daboogaoogaman	EnDristON	Firework Rocket#1L	12.0	768.0	64	world	[261, 91, 141]
2019/05/28 16:42:53	daboogaoogaman	EnDristON	Firework Rocket#1L	12.0	768.0	64	world	[261, 91, 141]
2019/05/28 16:42:54	daboogaoogaman	EnDristON	Firework Rocket#1L	12.0	768.0	64	world	[261, 91, 141]
2019/05/28 16:42:55	daboogaoogaman	EnDristON	Firework Rocket#1L	12.0	768.0	64	world	[261, 91, 141]
2019/05/28 16:42:57	daboogaoogaman	EnDristON	Firework Rocket#1L	12.0	768.0	64	world	[261, 91, 141]
2019/05/29 00:00:43	daboogaoogaman	EnDristON	Firework Rocket#1L	12.0	768.0	64	world	[261, 91, 141]
2019/05/29 00:00:44	daboogaoogaman	EnDristON	Firework Rocket#1L	12.0	768.0	64	world	[261, 91, 141]
2019/05/29 00:00:45	daboogaoogaman	EnDristON	Firework Rocket#1L	12.0	768.0	64	world	[261, 91, 141]
2019/05/29 00:00:45	daboogaoogaman	EnDristON	Firework Rocket#1L	12.0	768.0	64	world	[261, 91, 141]
2019/05/29 00:00:46	daboogaoogaman	EnDristON	Firework Rocket#1L	12.0	768.0	64	world	[261, 91, 141]
2019/05/29 00:00:47	daboogaoogaman	EnDristON	Firework Rocket#1L	12.0	768.0	64	world	[261, 91, 141]
2019/05/29 00:00:47	daboogaoogaman	EnDristON	Firework Rocket#1L	12.0	768.0	64	world	[261, 91, 141]
2019/05/29 00:00:49	daboogaoogaman	EnDristON	Firework Rocket#1L	12.0	768.0	64	world	[261, 91, 141]
2019/05/30 17:32:58	daboogaoogaman	EnDristON	Firework Rocket#1L	12.0	768.0	64	world	[261, 91, 141]
2019/05/30 17:32:59	daboogaoogaman	EnDristON	Firework Rocket#1L	12.0	768.0	64	world	[261, 91, 141]
2019/05/30 17:32:59	daboogaoogaman	EnDristON	Firework Rocket#1L	12.0	768.0	64	world	[261, 91, 141]
2019/05/30 17:33:00	daboogaoogaman	EnDristON	Firework Rocket#1L	12.0	768.0	64	world	[261, 91, 141]
2019/05/30 17:33:00	daboogaoogaman	EnDristON	Firework Rocket#1L	12.0	768.0	64	world	[261, 91, 141]
2019/05/30 17:33:01	daboogaoogaman	EnDristON	Firework Rocket#1L	12.0	768.0	64	world	[261, 91, 141]
2019/05/30 17:33:02	daboogaoogaman	EnDristON	Firework Rocket#1L	12.0	120.0	10	world	[261, 91, 141]
2019/05/31 17:10:04	Haksndot	Aewheros	Firework Rocket#1L	31.25	2000.0	64	world	[116, 73, -47]
2019/05/31 17:10:05	Haksndot	Aewheros	Firework Rocket#1L	31.25	2000.0	64	world	[116, 73, -47]
2019/05/31 17:10:05	Haksndot	Aewheros	Firework Rocket#1L	31.25	2000.0	64	world	[116, 73, -47]
2019/05/31 17:10:06	Haksndot	Aewheros	Firework Rocket#1L	31.25	2000.0	64	world	[116, 73, -47]
2019/05/31 17:10:07	Haksndot	Aewheros	Firework Rocket#1L	31.25	2000.0	64	world	[116, 73, -47]
2019/05/31 17:10:07	Haksndot	Aewheros	Firework Rocket#1L	31.25	2000.0	64	world	[116, 73, -47]
2019/05/31 17:10:08	Haksndot	Aewheros	Firework Rocket#1L	31.25	2000.0	64	world	[116, 73, -47]
2019/05/31 17:10:09	Haksndot	Aewheros	Firework Rocket#1L	31.25	2000.0	64	world	[116, 73, -47]
2019/05/31 17:10:09	Haksndot	Aewheros	Firework Rocket#1L	31.25	2000.0	64	world	[116, 73, -47]
2019/05/31 17:10:10	Haksndot	Aewheros	Firework Rocket#1L	31.25	2000.0	64	world	[116, 73, -47]
2019/05/31 17:10:11	Haksndot	Aewheros	Firework Rocket#1L	31.25	2000.0	64	world	[116, 73, -47]
2019/05/31 17:10:11	Haksndot	Aewheros	Firework Rocket#1L	31.25	2000.0	64	world	[116, 73, -47]
2019/05/31 17:10:12	Haksndot	Aewheros	Firework Rocket#1L	31.25	2000.0	64	world	[116, 73, -47]
2019/05/31 17:10:12	Haksndot	Aewheros	Firework Rocket#1L	31.25	2000.0	64	world	[116, 73, -47]
2019/05/31 17:10:15	Haksndot	Aewheros	Firework Rocket#1L	31.25	2000.0	64	world	[116, 73, -47]
2019/05/31 17:10:15	Haksndot	Aewheros	Firework Rocket#1L	31.25	2000.0	64	world	[116, 73, -47]
2019/05/31 17:10:16	Haksndot	Aewheros	Firework Rocket#1L	31.25	2000.0	64	world	[116, 73, -47]
2019/05/31 17:10:17	Haksndot	Aewheros	Firework Rocket#1L	31.25	2000.0	64	world	[116, 73, -47]
2019/05/31 17:10:18	Haksndot	Aewheros	Firework Rocket#1L	31.25	2000.0	64	world	[116, 73, -47]
2019/05/31 17:10:18	Haksndot	Aewheros	Firework Rocket#1L	31.25	2000.0	64	world	[116, 73, -47]
2019/05/31 17:10:19	Haksndot	Aewheros	Firework Rocket#1L	31.25	2000.0	64	world	[116, 73, -47]
2019/05/31 17:10:19	Haksndot	Aewheros	Firework Rocket#1L	31.25	2000.0	64	world	[116, 73, -47]
2019/05/31 17:11:36	Haksndot	Aewheros	Firework Rocket#1L	31.25	2000.0	64	world	[116, 73, -47]
2019/05/31 17:11:37	Haksndot	Aewheros	Firework Rocket#1L	31.25	2000.0	64	world	[116, 73, -47]
2019/05/31 17:11:38	Haksndot	Aewheros	Firework Rocket#1L	31.25	2000.0	64	world	[116, 73, -47]
2019/05/31 17:11:39	Haksndot	Aewheros	Firework Rocket#1L	31.25	2000.0	64	world	[116, 73, -47]
2019/05/31 17:11:39	Haksndot	Aewheros	Firework Rocket#1L	31.25	2000.0	64	world	[116, 73, -47]
2019/05/31 17:11:40	Haksndot	Aewheros	Firework Rocket#1L	31.25	2000.0	64	world	[116, 73, -47]
2019/05/31 17:16:08	Haksndot	NorraLigan	Firework Rocket#1L	11.71875	750.0	64	world	[-57, 75, 176]
2019/05/31 17:16:09	Haksndot	NorraLigan	Firework Rocket#1L	11.71875	750.0	64	world	[-57, 75, 176]
2019/05/31 17:16:10	Haksndot	NorraLigan	Firework Rocket#1L	11.71875	750.0	64	world	[-57, 75, 176]
2019/05/31 17:16:11	Haksndot	NorraLigan	Firework Rocket#1L	11.71875	750.0	64	world	[-57, 75, 176]
2019/05/31 17:16:11	Haksndot	NorraLigan	Firework Rocket#1L	11.71875	750.0	64	world	[-57, 75, 176]
2019/05/31 17:16:12	Haksndot	NorraLigan	Firework Rocket#1L	11.71875	750.0	64	world	[-57, 75, 176]
2019/05/31 17:16:13	Haksndot	NorraLigan	Firework Rocket#1L	11.71875	750.0	64	world	[-57, 75, 176]
2019/05/31 17:16:13	Haksndot	NorraLigan	Firework Rocket#1L	11.71875	750.0	64	world	[-57, 75, 176]
2019/05/31 17:16:14	Haksndot	NorraLigan	Firework Rocket#1L	11.71875	750.0	64	world	[-57, 75, 176]
2019/05/31 17:16:16	Haksndot	NorraLigan	Firework Rocket#1L	11.71875	750.0	64	world	[-57, 75, 176]
2019/05/31 17:16:17	Haksndot	NorraLigan	Firework Rocket#1L	11.71875	750.0	64	world	[-57, 75, 176]
2019/05/31 17:16:18	Haksndot	NorraLigan	Firework Rocket#1L	11.71875	750.0	64	world	[-57, 75, 176]
2019/05/31 17:16:18	Haksndot	NorraLigan	Firework Rocket#1L	11.71875	750.0	64	world	[-57, 75, 176]
2019/05/31 17:16:19	Haksndot	NorraLigan	Firework Rocket#1L	11.71875	750.0	64	world	[-57, 75, 176]
2019/05/31 17:16:20	Haksndot	NorraLigan	Firework Rocket#1L	11.71875	750.0	64	world	[-57, 75, 176]
2019/05/31 17:16:20	Haksndot	NorraLigan	Firework Rocket#1L	11.71875	750.0	64	world	[-57, 75, 176]
2019/05/31 17:16:21	Haksndot	NorraLigan	Firework Rocket#1L	11.71875	750.0	64	world	[-57, 75, 176]
2019/05/31 17:16:22	Haksndot	NorraLigan	Firework Rocket#1L	11.71875	750.0	64	world	[-57, 75, 176]
2019/05/31 17:16:22	Haksndot	NorraLigan	Firework Rocket#1L	11.71875	750.0	64	world	[-57, 75, 176]
2019/05/31 17:16:23	Haksndot	NorraLigan	Firework Rocket#1L	11.71875	750.0	64	world	[-57, 75, 176]
2019/05/31 17:16:24	Haksndot	NorraLigan	Firework Rocket#1L	11.71875	750.0	64	world	[-57, 75, 176]
2019/05/31 17:16:24	Haksndot	NorraLigan	Firework Rocket#1L	11.72	11.72	1	world	[-57, 75, 176]
2019/05/31 17:20:00	Haksndot	NorraLigan	Firework Rocket#1L	11.71875	750.0	64	world	[-57, 75, 176]
2019/05/31 17:20:01	Haksndot	NorraLigan	Firework Rocket#1L	11.71875	750.0	64	world	[-57, 75, 176]
2019/05/31 17:20:01	Haksndot	NorraLigan	Firework Rocket#1L	11.71875	750.0	64	world	[-57, 75, 176]
2019/05/31 17:20:02	Haksndot	NorraLigan	Firework Rocket#1L	11.71875	750.0	64	world	[-57, 75, 176]
2019/05/31 17:20:03	Haksndot	NorraLigan	Firework Rocket#1L	11.71875	750.0	64	world	[-57, 75, 176]
2019/05/31 17:20:03	Haksndot	NorraLigan	Firework Rocket#1L	11.71875	750.0	64	world	[-57, 75, 176]
2019/05/31 17:20:04	Haksndot	NorraLigan	Firework Rocket#1L	11.71875	750.0	64	world	[-57, 75, 176]
2019/05/31 17:20:04	Haksndot	NorraLigan	Firework Rocket#1L	11.71875	750.0	64	world	[-57, 75, 176]
2019/05/31 17:20:05	Haksndot	NorraLigan	Firework Rocket#1L	11.71875	750.0	64	world	[-57, 75, 176]
2019/05/31 17:20:06	Haksndot	NorraLigan	Firework Rocket#1L	11.71875	750.0	64	world	[-57, 75, 176]
2019/05/31 17:20:06	Haksndot	NorraLigan	Firework Rocket#1L	11.71875	750.0	64	world	[-57, 75, 176]
2019/05/31 17:20:07	Haksndot	NorraLigan	Firework Rocket#1L	11.71875	750.0	64	world	[-57, 75, 176]
2019/05/31 17:20:08	Haksndot	NorraLigan	Firework Rocket#1L	11.71875	750.0	64	world	[-57, 75, 176]
2019/05/31 17:20:08	Haksndot	NorraLigan	Firework Rocket#1L	11.71875	750.0	64	world	[-57, 75, 176]
2019/05/31 17:20:09	Haksndot	NorraLigan	Firework Rocket#1L	11.71875	750.0	64	world	[-57, 75, 176]
2019/05/31 17:20:10	Haksndot	NorraLigan	Firework Rocket#1L	11.71875	750.0	64	world	[-57, 75, 176]
2019/05/31 17:20:10	Haksndot	NorraLigan	Firework Rocket#1L	11.71875	750.0	64	world	[-57, 75, 176]
2019/05/31 17:20:11	Haksndot	NorraLigan	Firework Rocket#1L	11.71875	750.0	64	world	[-57, 75, 176]
2019/05/31 17:20:12	Haksndot	NorraLigan	Firework Rocket#1L	11.71875	750.0	64	world	[-57, 75, 176]
2019/05/31 17:20:12	Haksndot	NorraLigan	Firework Rocket#1L	11.71875	750.0	64	world	[-57, 75, 176]
2019/05/31 17:20:13	Haksndot	NorraLigan	Firework Rocket#1L	11.71875	750.0	64	world	[-57, 75, 176]
2019/05/31 17:20:13	Haksndot	NorraLigan	Firework Rocket#1L	11.718857142857143	410.16	35	world	[-57, 75, 176]
2019/06/01 21:48:00	daboogaoogaman	AspenGamgee	Firework Rocket#1L	18.75	1200.0	64	world	[-227, 89, 3236]
2019/06/01 21:48:03	daboogaoogaman	AspenGamgee	Firework Rocket#1L	18.75	1200.0	64	world	[-227, 89, 3236]
2019/06/01 21:48:04	daboogaoogaman	AspenGamgee	Firework Rocket#1L	18.75	1200.0	64	world	[-227, 89, 3236]
2019/06/01 21:48:07	daboogaoogaman	AspenGamgee	Firework Rocket#1L	18.75	1200.0	64	world	[-227, 89, 3236]
2019/06/01 21:48:08	daboogaoogaman	AspenGamgee	Firework Rocket#1L	18.75	1200.0	64	world	[-227, 89, 3236]
2019/06/01 21:48:09	daboogaoogaman	AspenGamgee	Firework Rocket#1L	18.75	112.5	6	world	[-227, 89, 3236]
2019/06/02 03:24:57	__Wildfire_	sharonclaws	Firework Rocket#1L	10.9375	700.0	64	world	[-14, 59, 17]
2019/06/02 03:24:59	__Wildfire_	sharonclaws	Firework Rocket#1L	10.9375	87.5	8	world	[-14, 59, 17]
2019/06/10 01:02:57	ATMA_2309	Aewheros	Firework Rocket#1L	31.25	2000.0	64	world	[116, 73, -47]
2019/06/10 02:46:15	ATMA_2309	Aewheros	Firework Rocket#1L	31.25	2000.0	64	world	[116, 73, -47]
2019/06/10 14:54:35	daboogaoogaman	Aewheros	Firework Rocket#1L	31.25	2000.0	64	world	[116, 73, -47]
2019/06/10 14:54:35	daboogaoogaman	Aewheros	Firework Rocket#1L	31.25	2000.0	64	world	[116, 73, -47]
2019/06/10 20:08:57	ATMA_2309	Aewheros	Firework Rocket#1L	31.25	2000.0	64	world	[116, 73, -47]
2019/06/10 20:20:47	daboogaoogaman	Aewheros	Firework Rocket#1L	31.25	2000.0	64	world	[116, 73, -47]
2019/06/10 20:20:48	daboogaoogaman	Aewheros	Firework Rocket#1L	31.25	2000.0	64	world	[116, 73, -47]
2019/06/10 20:20:49	daboogaoogaman	Aewheros	Firework Rocket#1L	31.25	2000.0	64	world	[116, 73, -47]
2019/06/10 20:20:49	daboogaoogaman	Aewheros	Firework Rocket#1L	31.25	2000.0	64	world	[116, 73, -47]
2019/06/10 20:20:50	daboogaoogaman	Aewheros	Firework Rocket#1L	31.25	2000.0	64	world	[116, 73, -47]
2019/06/11 01:24:00	daboogaoogaman	Aewheros	Firework Rocket#1L	31.25	2000.0	64	world	[116, 73, -47]
2019/06/11 01:24:00	daboogaoogaman	Aewheros	Firework Rocket#1L	31.25	2000.0	64	world	[116, 73, -47]
2019/06/11 01:24:01	daboogaoogaman	Aewheros	Firework Rocket#1L	31.25	2000.0	64	world	[116, 73, -47]
2019/06/11 01:24:02	daboogaoogaman	Aewheros	Firework Rocket#1L	31.25	2000.0	64	world	[116, 73, -47]
2019/06/11 01:24:03	daboogaoogaman	Aewheros	Firework Rocket#1L	31.25	2000.0	64	world	[116, 73, -47]
2019/06/11 01:24:04	daboogaoogaman	Aewheros	Firework Rocket#1L	31.25	2000.0	64	world	[116, 73, -47]
2019/06/11 17:20:34	daboogaoogaman	Aewheros	Firework Rocket#1L	31.25	2000.0	64	world	[116, 73, -47]
2019/06/11 17:20:35	daboogaoogaman	Aewheros	Firework Rocket#1L	31.25	2000.0	64	world	[116, 73, -47]
2019/06/11 17:20:36	daboogaoogaman	Aewheros	Firework Rocket#1L	31.25	2000.0	64	world	[116, 73, -47]
2019/06/11 17:20:36	daboogaoogaman	Aewheros	Firework Rocket#1L	31.25	2000.0	64	world	[116, 73, -47]
2019/06/12 00:00:37	daboogaoogaman	Aewheros	Firework Rocket#1L	31.25	2000.0	64	world	[116, 73, -47]
2019/06/12 00:00:37	daboogaoogaman	Aewheros	Firework Rocket#1L	31.25	2000.0	64	world	[116, 73, -47]
2019/06/12 00:00:38	daboogaoogaman	Aewheros	Firework Rocket#1L	31.25	2000.0	64	world	[116, 73, -47]
2019/06/12 02:22:24	daboogaoogaman	Aewheros	Firework Rocket#1L	31.25	2000.0	64	world	[116, 73, -47]
2019/06/12 02:22:25	daboogaoogaman	Aewheros	Firework Rocket#1L	31.25	2000.0	64	world	[116, 73, -47]
2019/06/12 02:22:25	daboogaoogaman	Aewheros	Firework Rocket#1L	31.25	2000.0	64	world	[116, 73, -47]
2019/06/12 02:22:26	daboogaoogaman	Aewheros	Firework Rocket#1L	31.25	2000.0	64	world	[116, 73, -47]
2019/06/12 02:24:07	daboogaoogaman	Aewheros	Firework Rocket#1L	31.25	2000.0	64	world	[116, 73, -47]
2019/06/12 02:24:08	daboogaoogaman	Aewheros	Firework Rocket#1L	31.25	2000.0	64	world	[116, 73, -47]
2019/06/12 02:24:09	daboogaoogaman	Aewheros	Firework Rocket#1L	31.25	2000.0	64	world	[116, 73, -47]
2019/06/12 06:48:34	daboogaoogaman	Aewheros	Firework Rocket#1L	31.25	2000.0	64	world	[116, 73, -47]
2019/06/12 06:48:35	daboogaoogaman	Aewheros	Firework Rocket#1L	31.25	2000.0	64	world	[116, 73, -47]
2019/06/12 06:48:36	daboogaoogaman	Aewheros	Firework Rocket#1L	31.25	2000.0	64	world	[116, 73, -47]
2019/06/12 06:48:36	daboogaoogaman	Aewheros	Firework Rocket#1L	31.25	2000.0	64	world	[116, 73, -47]
2019/06/12 06:48:37	daboogaoogaman	Aewheros	Firework Rocket#1L	31.25	2000.0	64	world	[116, 73, -47]
2019/06/12 06:48:37	daboogaoogaman	Aewheros	Firework Rocket#1L	31.25	2000.0	64	world	[116, 73, -47]
2019/06/12 06:48:38	daboogaoogaman	Aewheros	Firework Rocket#1L	31.25	2000.0	64	world	[116, 73, -47]
2019/06/12 06:48:38	daboogaoogaman	Aewheros	Firework Rocket#1L	31.25	2000.0	64	world	[116, 73, -47]
2019/06/12 06:48:39	daboogaoogaman	Aewheros	Firework Rocket#1L	31.25	1812.5	58	world	[116, 73, -47]
2019/06/12 20:30:35	daboogaoogaman	Aewheros	Firework Rocket#1L	31.25	2000.0	64	world	[116, 73, -47]
2019/06/12 20:30:36	daboogaoogaman	Aewheros	Firework Rocket#1L	31.25	2000.0	64	world	[116, 73, -47]
2019/06/12 20:30:36	daboogaoogaman	Aewheros	Firework Rocket#1L	31.25	2000.0	64	world	[116, 73, -47]
2019/06/12 20:30:37	daboogaoogaman	Aewheros	Firework Rocket#1L	31.25	2000.0	64	world	[116, 73, -47]
2019/06/12 20:30:38	daboogaoogaman	Aewheros	Firework Rocket#1L	31.25	2000.0	64	world	[116, 73, -47]
2019/06/12 20:30:38	daboogaoogaman	Aewheros	Firework Rocket#1L	31.25	2000.0	64	world	[116, 73, -47]
2019/06/12 23:54:13	ATMA_2309	Aewheros	Firework Rocket#1L	31.25	2000.0	64	world	[116, 73, -47]
2019/06/12 23:54:14	ATMA_2309	Aewheros	Firework Rocket#1L	31.25	2000.0	64	world	[116, 73, -47]
2019/06/12 23:54:14	ATMA_2309	Aewheros	Firework Rocket#1L	31.25	2000.0	64	world	[116, 73, -47]
2019/06/12 23:54:15	ATMA_2309	Aewheros	Firework Rocket#1L	31.25	2000.0	64	world	[116, 73, -47]
2019/06/12 23:54:16	ATMA_2309	Aewheros	Firework Rocket#1L	31.25	2000.0	64	world	[116, 73, -47]
2019/06/13 15:47:53	daboogaoogaman	Aewheros	Firework Rocket#1L	31.25	2000.0	64	world	[116, 73, -47]
2019/06/13 15:47:54	daboogaoogaman	Aewheros	Firework Rocket#1L	31.25	2000.0	64	world	[116, 73, -47]
2019/06/13 15:47:54	daboogaoogaman	Aewheros	Firework Rocket#1L	31.25	2000.0	64	world	[116, 73, -47]
2019/06/13 15:47:55	daboogaoogaman	Aewheros	Firework Rocket#1L	31.25	2000.0	64	world	[116, 73, -47]
2019/06/13 15:47:55	daboogaoogaman	Aewheros	Firework Rocket#1L	31.25	2000.0	64	world	[116, 73, -47]
2019/06/13 20:50:32	daboogaoogaman	Aewheros	Firework Rocket#1L	31.25	2000.0	64	world	[116, 73, -47]
2019/06/13 20:50:32	daboogaoogaman	Aewheros	Firework Rocket#1L	31.25	2000.0	64	world	[116, 73, -47]
2019/06/13 20:50:33	daboogaoogaman	Aewheros	Firework Rocket#1L	31.25	2000.0	64	world	[116, 73, -47]
2019/06/13 20:50:36	daboogaoogaman	Aewheros	Firework Rocket#1L	31.25	2000.0	64	world	[116, 73, -47]
2019/06/13 20:50:40	daboogaoogaman	Aewheros	Firework Rocket#1L	31.25	2000.0	64	world	[116, 73, -47]
2019/06/13 20:50:41	daboogaoogaman	Aewheros	Firework Rocket#1L	31.25	2000.0	64	world	[116, 73, -47]
2019/06/15 17:53:46	daboogaoogaman	Aewheros	Firework Rocket#1L	31.25	2000.0	64	world	[116, 73, -47]
2019/06/15 17:53:48	daboogaoogaman	Aewheros	Firework Rocket#1L	31.25	2000.0	64	world	[116, 73, -47]
2019/06/15 17:53:49	daboogaoogaman	Aewheros	Firework Rocket#1L	31.25	2000.0	64	world	[116, 73, -47]
2019/06/16 22:21:13	daboogaoogaman	Aewheros	Firework Rocket#1L	31.25	2000.0	64	world	[116, 73, -47]
2019/06/16 22:21:14	daboogaoogaman	Aewheros	Firework Rocket#1L	31.25	2000.0	64	world	[116, 73, -47]
2019/07/01 17:50:36	AspenGamgee	Aewheros	Firework Rocket#1L	0.03197916666666666	6.14	192	world	[115, 89, -45]
2019/07/04 16:17:57	Mowilag	Aewheros	Firework Rocket#1L	0.03200120192307692	53.25	1664	world	[115, 89, -45]
2019/07/13 00:18:05	kuraudosukei	Aewheros	Firework Rocket#1L	31.25	2000.0	64	world	[116, 73, -47]
2019/07/13 00:18:06	kuraudosukei	Aewheros	Firework Rocket#1L	31.25	2000.0	64	world	[116, 73, -47]
2019/07/13 00:18:07	kuraudosukei	Aewheros	Firework Rocket#1L	31.25	2000.0	64	world	[116, 73, -47]
